asset_id,type,location,rendered_at,demonstrates,capability_ids,interactive,source_visible,copy_button,live_sandbox,reset,notes
A01,live demo,apps/demo/src/pages/Playground.tsx,/#/,"Every major prop toggled live: controlled state, toolbar position, fullscreen mode, fit mode, zoom presets, layout, text layer, links, search, thumbnails, page input, zoom reset, wheel zoom, password prompt, keyboard shortcuts, print mode, compact breakpoint, container width, theme, language, page; event log; imperative API buttons; source picker (samples, URL, file, drag and drop)","C01 C05 C06 C07 C08 C09 C10 C13 C14 C15 C16 C19 C20 C21 C22 C23 C24 C25 C26 C27 C32",yes,no,no,no,no,Multi-capability; no generated code for the current configuration.
A02,live demo,apps/demo/src/pages/StandaloneViewer.tsx,/#/view,"Open a PDF by URL or local file; full-height viewer; deep-link parameters src, page, zoom, rotation",C01 C05 C06 C08,yes,no,no,no,no,Deep-link parameters are demo-only behaviour (not a package capability).
A03,link preset,apps/demo/src/pages/StandaloneViewer.tsx,/#/view?src=%2Fsamples%2Fmultipage.pdf&page=2&zoom=150,Deep link opening page 2 at 150%,C05 C06,yes,no,no,no,no,
A04,link preset,apps/demo/src/samples.ts (REMOTE_PRESETS),/#/view?src=https%3A%2F%2Fmozilla.github.io%2Fpdf.js%2Fweb%2Fcompressed.tracemonkey-pldi-09.pdf,Remote CORS-enabled PDF (Mozilla PDF.js sample),C01 C02,yes,no,no,no,no,Third-party URL; availability not under project control.
A05,link preset,apps/demo/src/samples.ts (REMOTE_PRESETS),/#/view?src=https%3A%2F%2Fwww.w3.org%2FWAI%2FER%2Ftests%2Fxhtml%2Ftestfiles%2Fresources%2Fpdf%2Fdummy.pdf,Remote URL that is blocked by CORS (network error view),C02 C03,yes,no,no,no,no,Crawl showed the error view (55 words). Third-party URL.
A06,live demo + source,apps/demo/src/examples/01-basic.tsx,/#/examples (example-01-basic),"Default props: toolbar below, single page, 5% zoom steps",C05 C06 C10,yes,yes (details),no,no,no,
A07,live demo + source,apps/demo/src/examples/02-controlled.tsx,/#/examples (example-02-controlled),"Parent-owned page, scale and rotation; clamping reported back",C14 C05 C06 C08,yes,yes (details),no,no,no,
A08,live demo + source,apps/demo/src/examples/03-fullscreen-dialog.tsx,/#/examples (example-03-fullscreen-dialog),"fullscreenMode=""controlled"" inside the parent's own overlay",C09 C14,yes,yes (details),no,no,no,
A09,live demo + source,apps/demo/src/examples/04-native-fullscreen.tsx,/#/examples (example-04-native-fullscreen),"fullscreenMode=""native"" with overlay fallback",C09,yes,yes (details),no,no,no,Fallback claim for iPhone Safari is not tested on iOS (see GAPS).
A10,live demo + source,apps/demo/src/examples/05-file.tsx,/#/examples (example-05-file),File source from a file input,C01,yes,yes (details),no,no,no,
A11,live demo + source,apps/demo/src/examples/06-array-buffer.tsx,/#/examples (example-06-array-buffer),ArrayBuffer source; original buffer not detached,C01,yes,yes (details),no,no,no,
A12,live demo + source,apps/demo/src/examples/07-authenticated-fetch.tsx,/#/examples (example-07-authenticated-fetch),"fetcher adding Authorization; onHttpError handling 401 (endpoint mocked in the browser)",C02,yes,yes (details),no,no,no,
A13,live demo + source,apps/demo/src/examples/08-custom-toolbar.tsx,/#/examples (example-08-custom-toolbar),renderToolbar(api) with a custom UI,C11 C15,yes,yes (details),no,no,no,
A14,live demo + source,apps/demo/src/examples/09-headless.tsx,/#/examples (example-09-headless),usePdfDocument + PdfPageCanvas thumbnail strip and fitted page,C28,yes,yes (details),no,no,no,Renders no .rpv-root (headless by design).
A15,live demo + source,apps/demo/src/examples/10-theming.tsx,/#/examples (example-10-theming),Dark preset and custom CSS variables (2 viewers),C27,yes,yes (details),no,no,no,
A16,live demo + source,apps/demo/src/examples/11-i18n.tsx,/#/examples (example-11-i18n),Hungarian labels and locale number formatting,C26,yes,yes (details),no,no,no,
A17,live demo + source,apps/demo/src/examples/12-error-states.tsx,/#/examples (example-12-error-states),"404, not-a-PDF, CORS-blocked and password-protected failures; onError payload; Retry",C03 C02 C25,yes,yes (details),no,no,no,The CORS explainer text is demo UI (not package output).
A18,live demo + source,apps/demo/src/examples/14-zoom-and-navigation.tsx,/#/examples (example-14-zoom-and-navigation),"zoomLevels, zoomReset, fitMode=""width"", wheelZoom, pageInput",C06 C07 C24,yes,yes (details),no,no,no,Bundles five props from three capabilities in one demo.
A19,live demo + source,apps/demo/src/examples/15-search.tsx,/#/examples (example-15-search),Find bar with highlighting; implied text layer,C23 C21 C24,yes,yes (details),no,no,no,
A20,live demo + source,apps/demo/src/examples/16-links.tsx,/#/examples (example-16-links),Internal and external link annotations,C22 C21,yes,yes (details),no,no,no,
A21,live demo + source,apps/demo/src/examples/17-password.tsx,/#/examples (example-17-password),passwordPrompt and renderPasswordPrompt (password: demo),C25,yes,yes (details),no,no,no,
A22,live demo + source,apps/demo/src/examples/18-continuous.tsx,/#/examples (example-18-continuous),Continuous layout with thumbnails and page input,C19 C20 C24,yes,yes (details),no,no,no,
A23,static code blocks (19),apps/demo/src/pages/Docs.tsx (SAMPLE),/#/docs,"Install (3 package managers), quick start, extras, PDF.js setup (Vite / webpack-Next / legacy), requests, fetcher, local file, controlled, fullscreen, toolbar config, renderToolbar, imperative API, errors, labels, theming CSS, host styles, headless, useControllableState, Next.js",C01 C02 C03 C09 C10 C11 C14 C15 C26 C27 C28 C29 C30,no,yes,yes,no,no,Not executed or type-checked; can drift from the API.
A24,reference tables (38 tables / 327 rows),apps/demo/src/docs/reference.ts,/#/docs,"Props, ToolbarConfig, ToolbarAction, PdfViewerApi, errors, labels, CSS variables, dark preset, data attributes, keyboard, headless types, exports, configurePdfJs",C01–C32,filterable,n/a,no,n/a,n/a,Hand-written; key coverage type-checked against the package; CSS variable names e2e-checked against the stylesheet. Types / defaults / descriptions are hand-typed (P5 violation).
A25,static code blocks + tables,packages/react-pdf-viewer/README.md,repo:/packages/react-pdf-viewer/README.md,"Install, quick start, PDF.js setup, CORS, props table, opt-in table, API, headless, CSS variable table, i18n, keyboard, SSR",C01–C31,no,yes,GitHub/npm native,no,no,Second hand-maintained copy of the reference; already diverged (missing --rpv-search-bg / --rpv-search-fg).
A26,static code blocks,README.md,repo:/README.md,Install + minimal PdfViewer,C01,no,yes,GitHub native,no,no,
A27,integration app,smoke/vite,not published (CI only),Consumer install of the packed tarball with Vite 8 and self-hosted worker,C29 C30,no,repo only,no,no,no,Realistic integration example not surfaced on the site.
A28,integration app,smoke/next,not published (CI only),Consumer install with Next.js 16 App Router and the webpack/Next worker recipe,C29 C30,no,repo only,no,no,no,Realistic integration example not surfaced on the site.
A29,sample PDF,apps/demo/public/samples/letter-3pages.pdf,/samples/letter-3pages.pdf,"US Letter, 3 pages, large page numbers on a grid",C05 C06 C08,n/a,n/a,n/a,n/a,n/a,Generated by apps/demo/scripts/generate-samples.ts (original work).
A30,sample PDF,apps/demo/public/samples/multipage.pdf,/samples/multipage.pdf,"40 text-heavy pages",C19 C20 C23 C18,n/a,n/a,n/a,n/a,n/a,Generated.
A31,sample PDF,apps/demo/public/samples/mixed-sizes.pdf,/samples/mixed-sizes.pdf,"Letter, A4, A3 landscape and a narrow receipt",C07,n/a,n/a,n/a,n/a,n/a,Generated.
A32,sample PDF,apps/demo/public/samples/intrinsic-rotation.pdf,/samples/intrinsic-rotation.pdf,Pages with /Rotate 90 and 180,C08,n/a,n/a,n/a,n/a,n/a,Generated.
A33,sample PDF,apps/demo/public/samples/links.pdf,/samples/links.pdf,Internal and external link annotations,C22,n/a,n/a,n/a,n/a,n/a,Generated.
A34,sample PDF,apps/demo/public/samples/non-embedded-fonts.pdf,/samples/non-embedded-fonts.pdf,Standard 14 fonts without embedding,C29 C21,n/a,n/a,n/a,n/a,n/a,Generated.
A35,sample PDF,apps/demo/public/samples/password.pdf,/samples/password.pdf,Encrypted document (password: demo),C25,n/a,n/a,n/a,n/a,n/a,Generated.
A36,sample PDF,apps/demo/public/samples/not-a-pdf.pdf,/samples/not-a-pdf.pdf,HTML with a .pdf name (INVALID_PDF),C03,n/a,n/a,n/a,n/a,n/a,Generated.
A37,test fixture page,apps/demo/src/pages/Harness.tsx,/#/harness (+ ?mode= / ?state= / ?zoom= / ?rotation= variants),"Default viewer inline / fullscreen, loading, error, empty, zoom, rotation without demo chrome",C03 C04 C06 C08 C09 C10,yes,no,no,no,no,Internal; linked from the main nav.
A38–A46,screenshots (9),apps/demo/e2e/__screenshots__/desktop-{empty|error|fullscreen-100|fullscreen-150|inline-100|inline-150|inline-25|inline-rotation-90|loading}.png,not rendered on the site,"Visual-regression baselines, desktop 1280×800",C03 C04 C06 C08 C09 C10,no,n/a,n/a,n/a,n/a,Test assets; could become annotated screenshots (PPDS §7.2 fallback).
A47–A55,screenshots (9),apps/demo/e2e/__screenshots__/mobile-{empty|error|fullscreen-100|fullscreen-150|inline-100|inline-150|inline-25|inline-rotation-90|loading}.png,not rendered on the site,"Visual-regression baselines, mobile 390×844",C03 C04 C06 C08 C09 C10,no,n/a,n/a,n/a,n/a,Test assets.
—,video / GIF,none,—,No recorded interactions exist,—,—,—,—,—,—,
