url,surface,page_title,h1,word_count,content_type,inbound_internal_links,inbound_from,last_modified,notes
/#/,demo site (hash-routed SPA),React PDF Viewer demo,Playground,265,capability,9,#/does-not-exist #/view #/examples #/docs,2026-09-15,"Interactive playground: 1 viewer + 22 controls covering most props, event log, imperative API buttons. H2s: Source; Options; Imperative API."
/#/view?src=/samples/letter-3pages.pdf,demo site (hash-routed SPA),React PDF Viewer demo,Viewing /samples/letter-3pages.pdf,6,orphan,0,,2026-09-15,Not linked anywhere; reached only by typing the URL or from e2e tests (error-state variant).
/#/view?src=/samples/missing.pdf,demo site (hash-routed SPA),React PDF Viewer demo,Viewing /samples/missing.pdf,14,orphan,0,,2026-09-15,Not linked anywhere; reached only by typing the URL or from e2e tests (error-state variant).
/#/harness?mode=inline,demo site (hash-routed SPA),React PDF Viewer demo,Test harness,6,orphan,0,,2026-09-15,Test-fixture state (query variant); not linked; used by e2e/visual tests only.
/#/harness?mode=fullscreen,demo site (hash-routed SPA),React PDF Viewer demo,Test harness,6,orphan,0,,2026-09-15,Test-fixture state (query variant); not linked; used by e2e/visual tests only.
/#/harness?state=loading,demo site (hash-routed SPA),React PDF Viewer demo,Test harness,8,orphan,0,,2026-09-15,Test-fixture state (query variant); not linked; used by e2e/visual tests only.
/#/harness?state=error,demo site (hash-routed SPA),React PDF Viewer demo,Test harness,13,orphan,0,,2026-09-15,Test-fixture state (query variant); not linked; used by e2e/visual tests only.
/#/harness?state=empty,demo site (hash-routed SPA),React PDF Viewer demo,Test harness,8,orphan,0,,2026-09-15,Test-fixture state (query variant); not linked; used by e2e/visual tests only.
/#/does-not-exist,demo site (hash-routed SPA),React PDF Viewer demo,Page not found,7,orphan,0,,2026-09-15,"Unknown route: ""Page not found"" view (HTTP 200, hash route)."
/#/view,demo site (hash-routed SPA),React PDF Viewer demo,Open a PDF,55,capability,4,#/ #/does-not-exist #/examples #/docs,2026-09-15,Open-a-PDF form (URL or local file) + sample preset links.
/#/examples,demo site (hash-routed SPA),React PDF Viewer demo,Examples,1210,how-to,4,#/ #/does-not-exist #/view #/docs,2026-09-15,"Single mega-page: 17 examples as H2s, each a live demo + collapsible source. Numbering skips 13."
/#/docs,demo site (hash-routed SPA),React PDF Viewer demo,Documentation,5377,reference,4,#/ #/does-not-exist #/view #/examples,2026-09-15,"Single mega-page: 17 H2 sections, 38 tables (327 rows), 19 code blocks, live filter. Mixed install/how-to/reference; see ?s= rows."
/#/harness,demo site (hash-routed SPA),React PDF Viewer demo,Test harness,6,orphan,5,#/ #/does-not-exist #/view #/examples #/docs,2026-09-15,"Test fixture for deterministic screenshots, but linked from the main nav (""Test harness""). No user-facing content."
/#/view?src=%2Fsamples%2Fmultipage.pdf&page=2&zoom=150,demo site (hash-routed SPA),React PDF Viewer demo,Viewing /samples/multipage.pdf,6,capability,2,#/view #/view (in-page),2026-09-15,Deep-linked viewer instance (sample preset link on #/view).
/#/view?src=https%3A%2F%2Fmozilla.github.io%2Fpdf.js%2Fweb%2Fcompressed.tracemonkey-pldi-09.pdf,demo site (hash-routed SPA),React PDF Viewer demo,Viewing https://mozilla.github.io/pdf.js/web/compressed.tracemonkey-pldi-09.pdf,6,capability,2,#/view #/view (in-page),2026-09-15,Deep-linked viewer instance (sample preset link on #/view).
/#/view?src=https%3A%2F%2Fwww.w3.org%2FWAI%2FER%2Ftests%2Fxhtml%2Ftestfiles%2Fresources%2Fpdf%2Fdummy.pdf,demo site (hash-routed SPA),React PDF Viewer demo,Viewing https://www.w3.org/WAI/ER/tests/xhtml/testfiles/resources/pdf/dummy.pdf,55,capability,2,#/view #/view (in-page),2026-09-15,Deep-linked viewer instance (sample preset link on #/view).
/#/docs?s=overview,demo site (hash-routed SPA),React PDF Viewer demo,Documentation › Overview,122,marketing,2,#/docs #/docs (in-page),2026-09-15,"Section of #/docs (anchor-scoped deep link; renders the whole 5377-word page). H3s: —. Tables 0 (0 rows), code blocks 0."
/#/docs?s=install,demo site (hash-routed SPA),React PDF Viewer demo,Documentation › Installation,80,install,2,#/docs #/docs (in-page),2026-09-15,"Section of #/docs (anchor-scoped deep link; renders the whole 5377-word page). H3s: Entry points. Tables 1 (2 rows), code blocks 1."
/#/docs?s=quick-start,demo site (hash-routed SPA),React PDF Viewer demo,Documentation › Quick start,76,install,2,#/docs #/docs (in-page),2026-09-15,"Section of #/docs (anchor-scoped deep link; renders the whole 5377-word page). H3s: Turning on the extras. Tables 0 (0 rows), code blocks 2."
/#/docs?s=pdfjs,demo site (hash-routed SPA),React PDF Viewer demo,Documentation › PDF.js setup,237,install,6,#/docs #/docs (in-page),2026-09-15,"Section of #/docs (anchor-scoped deep link; renders the whole 5377-word page). H3s: configurePdfJs(options). Tables 1 (9 rows), code blocks 1."
/#/docs?s=sources,demo site (hash-routed SPA),React PDF Viewer demo,Documentation › Loading documents,285,how-to,2,#/docs #/docs (in-page),2026-09-15,"Section of #/docs (anchor-scoped deep link; renders the whole 5377-word page). H3s: Requests, authentication and HTTP errors; Local files; Encrypted documents. Tables 0 (0 rows), code blocks 3."
/#/docs?s=props,demo site (hash-routed SPA),React PDF Viewer demo,Documentation › PdfViewer props,1066,reference,2,#/docs #/docs (in-page),2026-09-15,"Section of #/docs (anchor-scoped deep link; renders the whole 5377-word page). H3s: Document; Fetching URL sources; State; Zoom and fit; Features; Toolbar and keyboard; Rendering and printing; Localisation; Render slots; Events; Root element. Tables 11 (57 rows), code blocks 0."
/#/docs?s=controlled,demo site (hash-routed SPA),React PDF Viewer demo,Documentation › Controlled state,207,how-to,4,#/docs #/docs (in-page),2026-09-15,"Section of #/docs (anchor-scoped deep link; renders the whole 5377-word page). H3s: Fullscreen. Tables 0 (0 rows), code blocks 2."
/#/docs?s=toolbar,demo site (hash-routed SPA),React PDF Viewer demo,Documentation › Toolbar,274,how-to,2,#/docs #/docs (in-page),2026-09-15,"Section of #/docs (anchor-scoped deep link; renders the whole 5377-word page). H3s: ToolbarConfig; ToolbarAction; A custom toolbar. Tables 2 (13 rows), code blocks 2."
/#/docs?s=api,demo site (hash-routed SPA),React PDF Viewer demo,Documentation › Imperative API,271,reference,6,#/docs #/docs (in-page),2026-09-15,"Section of #/docs (anchor-scoped deep link; renders the whole 5377-word page). H3s: —. Tables 1 (21 rows), code blocks 1."
/#/docs?s=errors,demo site (hash-routed SPA),React PDF Viewer demo,Documentation › Errors,171,reference,2,#/docs #/docs (in-page),2026-09-15,"Section of #/docs (anchor-scoped deep link; renders the whole 5377-word page). H3s: PdfViewerError; PdfViewerErrorCode. Tables 2 (14 rows), code blocks 1."
/#/docs?s=labels,demo site (hash-routed SPA),React PDF Viewer demo,Documentation › Labels and i18n,387,reference,2,#/docs #/docs (in-page),2026-09-15,"Section of #/docs (anchor-scoped deep link; renders the whole 5377-word page). H3s: PdfViewerLabels. Tables 1 (33 rows), code blocks 1."
/#/docs?s=theming,demo site (hash-routed SPA),React PDF Viewer demo,Documentation › Theming,689,reference,2,#/docs #/docs (in-page),2026-09-15,"Section of #/docs (anchor-scoped deep link; renders the whole 5377-word page). H3s: Toolbar; More actions menu; Layout; Pages; Search; Accent, text and errors; Dark preset; State attributes; Host styles. Tables 8 (76 rows), code blocks 2."
/#/docs?s=keyboard,demo site (hash-routed SPA),React PDF Viewer demo,Documentation › Keyboard and accessibility,288,reference,2,#/docs #/docs (in-page),2026-09-15,"Section of #/docs (anchor-scoped deep link; renders the whole 5377-word page). H3s: Viewer shortcuts; Toolbar and menu; Accessibility. Tables 2 (18 rows), code blocks 0."
/#/docs?s=headless,demo site (hash-routed SPA),React PDF Viewer demo,Documentation › Headless API,773,reference,2,#/docs #/docs (in-page),2026-09-15,"Section of #/docs (anchor-scoped deep link; renders the whole 5377-word page). H3s: usePdfDocument(source, options?); usePdfDocument result; PdfPageCanvas; PdfToolbar; FitOptions; PageHighlight; PageRenderInfo; useControllableState(options). Tables 8 (52 rows), code blocks 2."
/#/docs?s=exports,demo site (hash-routed SPA),React PDF Viewer demo,Documentation › All exports,231,reference,2,#/docs #/docs (in-page),2026-09-15,"Section of #/docs (anchor-scoped deep link; renders the whole 5377-word page). H3s: —. Tables 1 (32 rows), code blocks 0."
/#/docs?s=ssr,demo site (hash-routed SPA),React PDF Viewer demo,Documentation › SSR and Next.js,97,how-to,2,#/docs #/docs (in-page),2026-09-15,"Section of #/docs (anchor-scoped deep link; renders the whole 5377-word page). H3s: —. Tables 0 (0 rows), code blocks 1."
/#/docs?s=security,demo site (hash-routed SPA),React PDF Viewer demo,Documentation › Security,61,how-to,2,#/docs #/docs (in-page),2026-09-15,"Section of #/docs (anchor-scoped deep link; renders the whole 5377-word page). H3s: —. Tables 0 (0 rows), code blocks 0."
repo:/README.md,repository,,react-pdf-viewer,461,marketing,1,CONTRIBUTING.md,2026-09-15,"Repository landing: pitch, install, 4-line quick start, repo layout, dev commands, CI/release, license."
repo:/packages/react-pdf-viewer/README.md,repository + npm tarball,,@kiralygyula92/react-pdf-viewer,2293,reference,3,README.md,2026-09-15,"Package README = future npm listing. Install, quick start, PDF.js setup, CORS, full hand-written props table, opt-in features, API, headless, CSS variable table, i18n, keyboard, SSR, security. Duplicates most of #/docs by hand."
repo:/CONTRIBUTING.md,repository,,Contributing,355,how-to,2,README.md .changeset/README.md,2026-09-15,Contributor guide.
repo:/RELEASING.md,repository,,Releasing,247,how-to,1,README.md,2026-09-15,"Maintainer release procedure (Changesets, npm provenance)."
repo:/SECURITY.md,repository,,Security policy,142,legal,0,,2026-09-15,Vulnerability disclosure policy + hardening notes.
repo:/CODE_OF_CONDUCT.md,repository,,Code of Conduct,105,legal,1,CONTRIBUTING.md,2026-09-15,Contributor Covenant 2.1 by reference.
repo:/LICENSE,repository,,,168,legal,3,README.md CONTRIBUTING.md,2026-09-15,MIT.
repo:/packages/react-pdf-viewer/LICENSE,repository + npm tarball,,,168,legal,2,packages/react-pdf-viewer/README.md,2026-09-15,MIT (copy shipped in the tarball).
repo:/packages/react-pdf-viewer/NOTICE,repository + npm tarball,,,68,legal,1,packages/react-pdf-viewer/README.md,2026-09-15,"Third-party attributions (PDF.js, Apache-2.0)."
repo:/.changeset/initial-release.md,repository,,,150,changelog,0,,2026-09-15,Pending changeset for 0.1.0; no CHANGELOG.md exists until the first release is versioned.
repo:/.changeset/README.md,repository,,Changesets,56,how-to,0,,2026-09-15,Maintainer note on changesets.
