legacy_url,content_type_found,target_archetype,target_url,action,redirect,notes
/#/,capability,L,/react-pdf-viewer/demos/playground/,port,client-side → /react-pdf-viewer/demos/playground/ (EXCEPTIONS E-01),Interactive playground kept as a Demos scenario; its option panel links to each capability page.
/#/view?src=/samples/letter-3pages.pdf,orphan,L,/react-pdf-viewer/demos/playground/?src=/samples/letter-3pages.pdf,merge,client-side → /react-pdf-viewer/demos/playground/?src=/samples/letter-3pages.pdf (EXCEPTIONS E-01),"Merged into the playground (DECISIONS D-07): src opens the document there; page, zoom and rotation are ignored."
/#/view?src=/samples/missing.pdf,orphan,L,/react-pdf-viewer/demos/playground/?src=/samples/missing.pdf,merge,client-side → /react-pdf-viewer/demos/playground/?src=/samples/missing.pdf (EXCEPTIONS E-01),"Merged into the playground (DECISIONS D-07): src opens the document there; page, zoom and rotation are ignored."
/#/harness?mode=inline,orphan,— (internal test fixture),/_internal/harness/?mode=inline,port,client-side → /_internal/harness/?mode=inline (EXCEPTIONS E-01),"Kept for e2e and visual tests outside the docs namespace; noindex; excluded from nav, sitemap and llms.txt; removed from the main nav (EXCEPTIONS E-03)."
/#/harness?mode=fullscreen,orphan,— (internal test fixture),/_internal/harness/?mode=fullscreen,port,client-side → /_internal/harness/?mode=fullscreen (EXCEPTIONS E-01),"Kept for e2e and visual tests outside the docs namespace; noindex; excluded from nav, sitemap and llms.txt; removed from the main nav (EXCEPTIONS E-03)."
/#/harness?state=loading,orphan,— (internal test fixture),/_internal/harness/?state=loading,port,client-side → /_internal/harness/?state=loading (EXCEPTIONS E-01),"Kept for e2e and visual tests outside the docs namespace; noindex; excluded from nav, sitemap and llms.txt; removed from the main nav (EXCEPTIONS E-03)."
/#/harness?state=error,orphan,— (internal test fixture),/_internal/harness/?state=error,port,client-side → /_internal/harness/?state=error (EXCEPTIONS E-01),"Kept for e2e and visual tests outside the docs namespace; noindex; excluded from nav, sitemap and llms.txt; removed from the main nav (EXCEPTIONS E-03)."
/#/harness?state=empty,orphan,— (internal test fixture),/_internal/harness/?state=empty,port,client-side → /_internal/harness/?state=empty (EXCEPTIONS E-01),"Kept for e2e and visual tests outside the docs namespace; noindex; excluded from nav, sitemap and llms.txt; removed from the main nav (EXCEPTIONS E-03)."
/#/does-not-exist,orphan,— (error page),/404.html,rewrite,none: unknown routes return HTTP 404 (EXCEPTIONS E-04),Crawl probe for an unknown route; not a real page.
/#/view,capability,L,/react-pdf-viewer/demos/playground/,merge,client-side → /react-pdf-viewer/demos/playground/ (EXCEPTIONS E-01),"Merged into the playground (DECISIONS D-07), which opens URLs, files and dropped PDFs."
/#/examples,how-to,C,/react-pdf-viewer/all-features/,split,client-side → /react-pdf-viewer/all-features/ (EXCEPTIONS E-01),"Each example becomes the Basics or variation demo on its capability page, colocated with the page (PPDS §7.2): 01 → /page-navigation/ · 02 → /controlled-state/ · 03 and 04 → /fullscreen/ · 05 and 06 → /document-sources/ · 07 → /authenticated-requests/ · 08 → /custom-toolbar/ · 09 → /headless/ · 10 → /customization/theming/ · 11 → /labels/ · 12 → /error-states/ · 14 split → /zoom/ (zoomLevels, zoomReset, wheelZoom), /fit-modes/ (fitMode), /page-number-input/ · 15 → /search/ · 16 → /links/ · 17 → /password-protection/ · 18 split → /continuous-layout/ and /thumbnails/."
/#/docs,reference,A,/react-pdf-viewer/,split,client-side → /react-pdf-viewer/ (EXCEPTIONS E-01),Mega-page (17 H2s): each ?s= section has its own row; the bare URL goes to the docs root.
/#/harness,orphan,— (internal test fixture),/_internal/harness/,port,client-side → /_internal/harness/ (EXCEPTIONS E-01),"Kept for e2e and visual tests outside the docs namespace; noindex; excluded from nav, sitemap and llms.txt; removed from the main nav (EXCEPTIONS E-03)."
/#/view?src=%2Fsamples%2Fmultipage.pdf&page=2&zoom=150,capability,L,/react-pdf-viewer/demos/playground/?src=%2Fsamples%2Fmultipage.pdf&page=2&zoom=150,merge,client-side → /react-pdf-viewer/demos/playground/?src=%2Fsamples%2Fmultipage.pdf&page=2&zoom=150 (EXCEPTIONS E-01),"Merged into the playground (DECISIONS D-07): src opens the document there; page, zoom and rotation are ignored."
/#/view?src=https%3A%2F%2Fmozilla.github.io%2Fpdf.js%2Fweb%2Fcompressed.tracemonkey-pldi-09.pdf,capability,L,/react-pdf-viewer/demos/playground/?src=https%3A%2F%2Fmozilla.github.io%2Fpdf.js%2Fweb%2Fcompressed.tracemonkey-pldi-09.pdf,merge,client-side → /react-pdf-viewer/demos/playground/?src=https%3A%2F%2Fmozilla.github.io%2Fpdf.js%2Fweb%2Fcompressed.tracemonkey-pldi-09.pdf (EXCEPTIONS E-01),"Merged into the playground (DECISIONS D-07): src opens the document there; page, zoom and rotation are ignored."
/#/view?src=https%3A%2F%2Fwww.w3.org%2FWAI%2FER%2Ftests%2Fxhtml%2Ftestfiles%2Fresources%2Fpdf%2Fdummy.pdf,capability,L,/react-pdf-viewer/demos/playground/?src=https%3A%2F%2Fwww.w3.org%2FWAI%2FER%2Ftests%2Fxhtml%2Ftestfiles%2Fresources%2Fpdf%2Fdummy.pdf,merge,client-side → /react-pdf-viewer/demos/playground/?src=https%3A%2F%2Fwww.w3.org%2FWAI%2FER%2Ftests%2Fxhtml%2Ftestfiles%2Fresources%2Fpdf%2Fdummy.pdf (EXCEPTIONS E-01),"Merged into the playground (DECISIONS D-07): src opens the document there; page, zoom and rotation are ignored."
/#/docs?s=overview,marketing,A,/react-pdf-viewer/,rewrite,client-side → /react-pdf-viewer/ (EXCEPTIONS E-01),"Positioning cards become Overview ""Why React PDF Viewer"" bullets; teaching content moves to capability pages."
/#/docs?s=install,install,F,/react-pdf-viewer/getting-started/installation/,port,client-side → /react-pdf-viewer/getting-started/installation/ (EXCEPTIONS E-01),Package-manager tabs port as is. The Entry points table is generated from package exports in Phase 4.
/#/docs?s=quick-start,install,F,/react-pdf-viewer/getting-started/usage/,port,client-side → /react-pdf-viewer/getting-started/usage/ (EXCEPTIONS E-01),"""Turning on the extras"" becomes Next steps links to the capability pages."
/#/docs?s=pdfjs,install,B,/react-pdf-viewer/pdfjs-configuration/,split,client-side → /react-pdf-viewer/pdfjs-configuration/ (EXCEPTIONS E-01),Prose and bundler tabs → capability page; per-bundler recipes → /integrations/vite/ and /integrations/webpack/; configurePdfJs table → generate /api/configure-pdf-js/ and /api/pdf-js-config/.
/#/docs?s=sources,how-to,B,/react-pdf-viewer/document-sources/,split,client-side → /react-pdf-viewer/document-sources/ (EXCEPTIONS E-01),"Sources and local files → /document-sources/; requests, fetcher and CORS → /authenticated-requests/; encrypted documents → /password-protection/."
/#/docs?s=props,reference,E,/react-pdf-viewer/api/pdf-viewer/,generate,client-side → /react-pdf-viewer/api/pdf-viewer/ (EXCEPTIONS E-01),11 hand-written prop tables → generated PdfViewer reference; descriptions ported into pdf-viewer.strings.json only.
/#/docs?s=controlled,how-to,B,/react-pdf-viewer/controlled-state/,split,client-side → /react-pdf-viewer/controlled-state/ (EXCEPTIONS E-01),Controlled pattern → /controlled-state/; Fullscreen subsection → /fullscreen/.
/#/docs?s=toolbar,how-to,B,/react-pdf-viewer/toolbar/,split,client-side → /react-pdf-viewer/toolbar/ (EXCEPTIONS E-01),"Toolbar prose → /toolbar/; ""A custom toolbar"" → /custom-toolbar/; ToolbarConfig and ToolbarAction tables → generate /api/toolbar-config/ and /api/toolbar-action/."
/#/docs?s=api,reference,B,/react-pdf-viewer/imperative-api/,split,client-side → /react-pdf-viewer/imperative-api/ (EXCEPTIONS E-01),Prose and sample → /imperative-api/; member table → generate /api/pdf-viewer-api/.
/#/docs?s=errors,reference,B,/react-pdf-viewer/error-states/,split,client-side → /react-pdf-viewer/error-states/ (EXCEPTIONS E-01),Prose and sample → /error-states/; tables → generate /api/pdf-viewer-error/ and /api/pdf-viewer-error-code/.
/#/docs?s=labels,reference,B,/react-pdf-viewer/labels/,split,client-side → /react-pdf-viewer/labels/ (EXCEPTIONS E-01),Prose and sample → /labels/; label table → generate /api/pdf-viewer-labels/ (defaults read from defaultLabels); strategy prose → /guides/localization/.
/#/docs?s=theming,reference,J,/react-pdf-viewer/customization/theming/,split,client-side → /react-pdf-viewer/customization/theming/ (EXCEPTIONS E-01),"Theming prose → /customization/theming/; host styles → /customization/recipes/; CSS variable, dark preset and data-attribute tables → generate (blocked: GAPS G-13)."
/#/docs?s=keyboard,reference,B,/react-pdf-viewer/keyboard-shortcuts/,split,client-side → /react-pdf-viewer/keyboard-shortcuts/ (EXCEPTIONS E-01),Shortcut tables → /keyboard-shortcuts/ (generated once G-13 is resolved); Accessibility list → /guides/accessibility/.
/#/docs?s=headless,reference,B,/react-pdf-viewer/headless/,split,client-side → /react-pdf-viewer/headless/ (EXCEPTIONS E-01),"Prose and samples → /headless/; 8 type tables → generate /api/use-pdf-document/, /api/use-pdf-document-options/, /api/use-pdf-document-result/, /api/pdf-page-canvas/, /api/pdf-toolbar/, /api/fit-options/, /api/page-highlight/, /api/page-render-info/, /api/use-controllable-state/."
/#/docs?s=exports,reference,K,/react-pdf-viewer/api/,generate,client-side → /react-pdf-viewer/api/ (EXCEPTIONS E-01),All-exports table → generated API index.
/#/docs?s=ssr,how-to,J,/react-pdf-viewer/integrations/nextjs/,rewrite,client-side → /react-pdf-viewer/integrations/nextjs/ (EXCEPTIONS E-01),SSR explanation and Next.js sample → Next.js integration page.
/#/docs?s=security,how-to,J,/react-pdf-viewer/guides/security/,port,client-side → /react-pdf-viewer/guides/security/ (EXCEPTIONS E-01),Hardening list → Security guide.
repo:/README.md,marketing,A,/react-pdf-viewer/,rewrite,none: repository file stays in place (EXCEPTIONS E-02),Pitch and install lines re-derived from plugin.config.json tagline and description; links to the docs root.
repo:/packages/react-pdf-viewer/README.md,reference,A,/react-pdf-viewer/,rewrite,none: repository file stays in place (EXCEPTIONS E-02),"npm listing body: short pitch, install, minimal example and links; hand-written tables replaced by links to the generated reference (GAPS G-11, G-12)."
repo:/CONTRIBUTING.md,how-to,J,/react-pdf-viewer/getting-started/support/,port,none: repository file stays in place (EXCEPTIONS E-02),Stays in the repo; the Support page links to it.
repo:/RELEASING.md,how-to,J,/react-pdf-viewer/getting-started/versions/,port,none: repository file stays in place (EXCEPTIONS E-02),Maintainer doc stays in the repo; its release policy summary feeds the Versions page.
repo:/SECURITY.md,legal,J,/react-pdf-viewer/guides/security/,port,none: repository file stays in place (EXCEPTIONS E-02),Stays in the repo (GitHub security tab); the Security guide links to it.
repo:/CODE_OF_CONDUCT.md,legal,J,/react-pdf-viewer/getting-started/support/,port,none: repository file stays in place (EXCEPTIONS E-02),Stays in the repo; linked from Support.
repo:/LICENSE,legal,J,/react-pdf-viewer/getting-started/faq/,port,none: repository file stays in place (EXCEPTIONS E-02),Stays in the repo and tarball; the FAQ licensing answer links to it.
repo:/packages/react-pdf-viewer/LICENSE,legal,J,/react-pdf-viewer/getting-started/faq/,port,none: repository file stays in place (EXCEPTIONS E-02),Tarball copy; unchanged.
repo:/packages/react-pdf-viewer/NOTICE,legal,J,/react-pdf-viewer/getting-started/faq/,port,none: repository file stays in place (EXCEPTIONS E-02),Tarball attributions; unchanged.
repo:/.changeset/initial-release.md,changelog,I,/react-pdf-viewer/discover-more/changelog/,generate,none: repository file stays in place (EXCEPTIONS E-02),Becomes CHANGELOG.md on changeset version; the Changelog page is generated from CHANGELOG.md.
repo:/.changeset/README.md,how-to,J,/react-pdf-viewer/getting-started/versions/,port,none: repository file stays in place (EXCEPTIONS E-02),Maintainer note stays in the repo.
