legacy_url,expected_target,mechanism,final_url,final_status,result
/#/,/react-pdf-viewer/demos/playground/,client-side (E-01),/react-pdf-viewer/demos/playground/,200,pass
/#/view?src=/samples/letter-3pages.pdf,/react-pdf-viewer/demos/document-viewer/?src=/samples/letter-3pages.pdf,client-side (E-01),/react-pdf-viewer/demos/document-viewer/?src=/samples/letter-3pages.pdf,200,pass
/#/view?src=/samples/missing.pdf,/react-pdf-viewer/demos/document-viewer/?src=/samples/missing.pdf,client-side (E-01),/react-pdf-viewer/demos/document-viewer/?src=/samples/missing.pdf,200,pass
/#/harness?mode=inline,/_internal/harness/?mode=inline,client-side (E-01),/_internal/harness/?mode=inline,200,pass
/#/harness?mode=fullscreen,/_internal/harness/?mode=fullscreen,client-side (E-01),/_internal/harness/?mode=fullscreen,200,pass
/#/harness?state=loading,/_internal/harness/?state=loading,client-side (E-01),/_internal/harness/?state=loading,200,pass
/#/harness?state=error,/_internal/harness/?state=error,client-side (E-01),/_internal/harness/?state=error,200,pass
/#/harness?state=empty,/_internal/harness/?state=empty,client-side (E-01),/_internal/harness/?state=empty,200,pass
/#/does-not-exist,/404.html,client-side (E-01),/404.html,200,pass
/#/view,/react-pdf-viewer/demos/document-viewer/,client-side (E-01),/react-pdf-viewer/demos/document-viewer/,200,pass
/#/examples,/react-pdf-viewer/all-features/,client-side (E-01),/react-pdf-viewer/all-features/,200,pass
/#/docs,/react-pdf-viewer/,client-side (E-01),/react-pdf-viewer/,200,pass
/#/harness,/_internal/harness/,client-side (E-01),/_internal/harness/,200,pass
/#/view?src=%2Fsamples%2Fmultipage.pdf&page=2&zoom=150,/react-pdf-viewer/demos/document-viewer/?src=%2Fsamples%2Fmultipage.pdf&page=2&zoom=150,client-side (E-01),/react-pdf-viewer/demos/document-viewer/?src=%2Fsamples%2Fmultipage.pdf&page=2&zoom=150,200,pass
/#/view?src=https%3A%2F%2Fmozilla.github.io%2Fpdf.js%2Fweb%2Fcompressed.tracemonkey-pldi-09.pdf,/react-pdf-viewer/demos/document-viewer/?src=https%3A%2F%2Fmozilla.github.io%2Fpdf.js%2Fweb%2Fcompressed.tracemonkey-pldi-09.pdf,client-side (E-01),/react-pdf-viewer/demos/document-viewer/?src=https%3A%2F%2Fmozilla.github.io%2Fpdf.js%2Fweb%2Fcompressed.tracemonkey-pldi-09.pdf,200,pass
/#/view?src=https%3A%2F%2Fwww.w3.org%2FWAI%2FER%2Ftests%2Fxhtml%2Ftestfiles%2Fresources%2Fpdf%2Fdummy.pdf,/react-pdf-viewer/demos/document-viewer/?src=https%3A%2F%2Fwww.w3.org%2FWAI%2FER%2Ftests%2Fxhtml%2Ftestfiles%2Fresources%2Fpdf%2Fdummy.pdf,client-side (E-01),/react-pdf-viewer/demos/document-viewer/?src=https%3A%2F%2Fwww.w3.org%2FWAI%2FER%2Ftests%2Fxhtml%2Ftestfiles%2Fresources%2Fpdf%2Fdummy.pdf,200,pass
/#/docs?s=overview,/react-pdf-viewer/,client-side (E-01),/react-pdf-viewer/,200,pass
/#/docs?s=install,/react-pdf-viewer/getting-started/installation/,client-side (E-01),/react-pdf-viewer/getting-started/installation/,200,pass
/#/docs?s=quick-start,/react-pdf-viewer/getting-started/usage/,client-side (E-01),/react-pdf-viewer/getting-started/usage/,200,pass
/#/docs?s=pdfjs,/react-pdf-viewer/pdfjs-configuration/,client-side (E-01),/react-pdf-viewer/pdfjs-configuration/,200,pass
/#/docs?s=sources,/react-pdf-viewer/document-sources/,client-side (E-01),/react-pdf-viewer/document-sources/,200,pass
/#/docs?s=props,/react-pdf-viewer/api/pdf-viewer/,client-side (E-01),/react-pdf-viewer/api/pdf-viewer/,200,pass
/#/docs?s=controlled,/react-pdf-viewer/controlled-state/,client-side (E-01),/react-pdf-viewer/controlled-state/,200,pass
/#/docs?s=toolbar,/react-pdf-viewer/toolbar/,client-side (E-01),/react-pdf-viewer/toolbar/,200,pass
/#/docs?s=api,/react-pdf-viewer/imperative-api/,client-side (E-01),/react-pdf-viewer/imperative-api/,200,pass
/#/docs?s=errors,/react-pdf-viewer/error-states/,client-side (E-01),/react-pdf-viewer/error-states/,200,pass
/#/docs?s=labels,/react-pdf-viewer/labels/,client-side (E-01),/react-pdf-viewer/labels/,200,pass
/#/docs?s=theming,/react-pdf-viewer/customization/theming/,client-side (E-01),/react-pdf-viewer/customization/theming/,200,pass
/#/docs?s=keyboard,/react-pdf-viewer/keyboard-shortcuts/,client-side (E-01),/react-pdf-viewer/keyboard-shortcuts/,200,pass
/#/docs?s=headless,/react-pdf-viewer/headless/,client-side (E-01),/react-pdf-viewer/headless/,200,pass
/#/docs?s=exports,/react-pdf-viewer/api/,client-side (E-01),/react-pdf-viewer/api/,200,pass
/#/docs?s=ssr,/react-pdf-viewer/integrations/nextjs/,client-side (E-01),/react-pdf-viewer/integrations/nextjs/,200,pass
/#/docs?s=security,/react-pdf-viewer/guides/security/,client-side (E-01),/react-pdf-viewer/guides/security/,200,pass
